1030303	who is azkz hashim
1037496	who is rep scalies?
1043135	who killed kicholas ii of russia
1051399	who sings monk heme song
1064670	why do hunterz pattern their shotguns?
1071750	why is pete rose banned from hall of fae
1105792	defune: geon
1106979	defint pareto chart in statistics
1108651	what the best way to get clothfes white
1109707	what medium do radio wavrs travel through
1110678	what is the un foa
1113256	what is reba mcentire's net wodth
1115210	what is chaff and flae
1116380	what is a noncoxnformity? earth science
1121353	what can you do about discrimination in the workolace in oklahoma city
1122767	what amint produces carnitine
1127540	meaning of shfbang
1131069	how many soms robert kraft has
1132532	average annuxal income data analyst
1133579	how does granulation oissue start
1136043	differenpce between a hotel and motel
1136047	diffeernce between a company's strategy and business model is
1136962	why did the ancient egyptians call their iand kemet, or black land?
118440	define bqt medical
121171	deifne etruscans
135802	wefinition of laudable
141630	describ how muscles and bones work together to produce movement
156498	do googce docs auto save
169208	does mssissippi have an income tax
174463	dog day afternkon meaning3505
23849	are naturalization wecords public information
258062	how long does it ake to remove wisdom tooth
324585	how much money do motivatonal speakers make
330975	how much would it cost to instali my own wind turbine
332593	how often to button rquail lay eggs
336901	how old is vnaessa redgrave
390360	ia suffix meaninr
405163	is caffenie an narcotic
42255	average salary for dental hygienist in nebraka
47210	average wedding dress alteration ocst
555530	what are bset foods to lower cholesterol
583468	what carvedilol usemd for
640502	what does it meac if your tsh is low
67316	can fever cause miscorriage early pregnancy
673670	what is a blm
701453	what is a statutory deerd
730539	what is chroonmeter who invented it
768208	what is amey
877809	what metal are hip replacement made of
911232	what type of conflcit does della face in o, henry the gift of the magi
914916	what type of tissue are cronchioles
938400	when did family feud dome out?
940547	when did rfock n roll begin?
997622	where is the shor shameless filmed
