103970	how long does amoxicillin work for 
102043	drug testing in animals 
106158	mobile omes for sale 
110843	washington state goverment 
110434	university of tennessee 
109599	taking bed eye damage 
100508	car accident lawyers 
104009	how to clean river 
107625	polar hear rate monitor 
99118	alcohol and drug rehab 
105581	man about you 
102610	flee market buildings 
103451	guide to create a cover latter 
105415	los angeles unified school district 
105899	medal taste in mouth symptoms 
4271677555	stint for kidney stones 
111056	what to feed good frogs 
111014	what is acid reflex 
109832	the great gatsby 
110633	venetian las vegas 
110445	untied health care 
100382	cache creek casino 
103540	harvard medical school 
2230899496	congenital seizures in dogs 
109323	steelers heinz filed tickets 
109873	the miami heard 
104925	kindly bun levels 
108039	real ghost pics 
110090	toilet gurgles after flushing 
103963	how far is it from san diego to tijuana mexico 
109410	student loans from a back 
105826	mason dixon line 
104867	encore elite refrigerator 
108875	singer axel rose 
110271	troy built tiller 
99450	ared hat society 
99636	zygons lobe in the lung 
104063	how to plant a garden 
109978	things to do when bored 
104002	how to blanch frise 
103983	how money does the show seinfeld make 
102400	facts about chips brown 
109537	symptoms of genital herpes 
104037	how to get ride of dust mites 
111026	what is leader of algonquian civilization 
110992	what causes stomache cancer 
1245295473	what is acres 
104345	information on water lilly 
99431	applying for bussiness loans 
99478	army physical fitness test 
103973	how long to wait after an oral interview 
104107	how to write a moral letter 
111043	what kind of medicine is aztec 
104047	how to lay basemen drain pipes 
110999	what does exculpatory mean 
111024	what is hepatitis 
103941	how did confucianism create order in china 
103945	how do i clean my computer monitor screen 
104012	how to clear bad eczema 
111002	what does the declaration of independance represent 
